{"stats":{"minecraft:dropped":{"minecraft:spyglass":1,"minecraft:lever":3,"minecraft:repeater":2,"minecraft:redstone_torch":7,"minecraft:redstone":129},"minecraft:used":{"minecraft:redstone_torch":247,"minecraft:lever":143,"minecraft:writable_book":12,"minecraft:activator_rail":11,"minecraft:light_gray_dye":3,"minecraft:gray_dye":1,"minecraft:orange_concrete":303,"minecraft:light_gray_concrete":731,"minecraft:yellow_stained_glass":3,"minecraft:red_concrete":40,"minecraft:red_stained_glass":2,"minecraft:redstone":5908,"minecraft:map":7,"minecraft:chest":1,"minecraft:cyan_concrete":158,"minecraft:lime_dye":1,"minecraft:glow_ink_sac":7,"minecraft:purple_dye":1,"minecraft:item_frame":2,"minecraft:glow_item_frame":22,"minecraft:repeater":485,"minecraft:purple_concrete":2057,"minecraft:blue_dye":1,"minecraft:redstone_lamp":155,"minecraft:spyglass":18,"minecraft:lime_concrete":2028,"minecraft:light_blue_concrete":248,"minecraft:written_book":2,"minecraft:birch_sign":7,"minecraft:yellow_concrete":516,"minecraft:gray_concrete":1099,"minecraft:white_concrete":98,"minecraft:blue_concrete":1650,"minecraft:cyan_stained_glass":16},"minecraft:custom":{"minecraft:time_since_rest":687232,"minecraft:sprint_one_cm":65467,"minecraft:damage_taken":280,"minecraft:walk_one_cm":561127,"minecraft:drop":11,"minecraft:fly_one_cm":3650206,"minecraft:open_chest":4,"minecraft:crouch_one_cm":14906,"minecraft:play_time":687344,"minecraft:deaths":1,"minecraft:sneak_time":30350,"minecraft:jump":814,"minecraft:leave_game":9,"minecraft:time_since_death":687191,"minecraft:total_world_time":1019973},"minecraft:picked_up":{"minecraft:repeater":6,"minecraft:glow_item_frame":1,"minecraft:spyglass":1,"minecraft:filled_map":1,"minecraft:redstone":208,"minecraft:lever":8,"minecraft:redstone_torch":20}},"DataVersion":2730}